maniscalco;1
tmoniuszko;1
krasin;1
jbudorick;3
Avi Drissman;3
tomfinegan;2
yucliu;1
lizeb;2
kbr;3
nisse;3
grunell;10
kcwu;1
braveyao;3
clamy;1
sigbjornf;1
ccameron;6
Per;1
hashimoto;1
hiroshige;2
Dana Jansens;1
mmoroz;3
kqyang;2
dtapuska;1
jrummell;56
chrishtr;1
avayvod;2
pkotwicz;1
wuchengli;1
emircan;9
gab;1
jyasskin;1
pkasting;2
malets;1
owenlin;2
magjed;5
thestig;3
tposluszny;1
shenghao;1
aizatsky;2
Chris Cunningham;1
agoode;4
landell;1
danakj;11
msarett;1
perkj;5
qinmin;6
dougsteed;3
guidou;5
ajose;2
rchtara;2
nicholss;1
stanisc;1
eugenebut;1
davidben;4
xhwang;65
mcasas;27
erikchen;2
kraush;3
alexmos;1
Robert Sesek;1
erickung;1
alokp;21
dfalcantara;1
hajimehoshi;1
bsalomon;1
dcheng;25
ananta;2
liberato;14
brettw;6
piman;1
zmo;1
Daniel Cheng;1
skyostil;1
stip;1
dpranke;1
johannkoenig;1
brucedawson;5
fmenozzi;1
jbroman;2
miu;15
kinuko;2
tsniatowski;1
thakis;13
tzik;1
toyoshim;1
rnephew;1
benwells;1
slan;2
lukasza;2
mostynb;2
watk;21
halliwell;6
dcastagna;8
djkurtz;1
tsergeant;1
ddorwin;15
tommi;3
Jennifer Apacible;1
ajuma;1
sky;2
crouleau;1
zhengxiong;1
markdittmer;8
martijn;2
hanxi;1
mikecase;1
vmpstr;3
avi;13
isheriff;4
jam;10
davve;3
csharp;1
dskiba;1
j.isorce;1
scheib;1
acleung;1
yzshen;1
vigneshv;2
tguilbert;7
msramek;2
cleichner;1
estark;1
paulmeyer;1
bnc;1
jbauman;7
scott.d.phillips;3
servolk;33
oshima;3
ben;21
bashi;1
chcunningham;11
zqzhang;3
henryhsu;1
paul.sapunaru;1
kjellander;1
dalecurtis;69
xjz;19
Yuzhu Shen;1
mvanouwerkerk;1
imcheng;1
rockot;5
msw;1
altimin;1
primiano;2
timav;39
tfarina;1
henrika;40
kylechar;3
qiangchen;3
scottmg;2
forney;1
posciak;6
ochang;2
dyen;4
flackr;1
olka;6
dvadym;1
tapted;2
rsesek;4
mek;1
chakshu.a;1
kotenkov;1
fsamuel;3
hongchan;1
jdonnelly;1
agrieve;4
sammc;1
penghuang;1
wdzierzanowski;4
yutak;2
dongseong.hwang;4
dewittj;1
yukishiino;1
tobiasjs;3
torne;2
yoichio;1
apacible;1
wolenetz;19
loyso;2
mlamouri;6
sandersd;24
hubbe;28